{
  "Scratch (no pretrain)": {
    "train_loss": [
      27.450963,
      0.693892,
      0.693408,
      0.69329,
      0.693189
    ],
    "val_loss": [
      0.69315,
      0.693157,
      0.693146,
      0.693147,
      0.693152
    ],
    "train_acc": [
      0.47,
      0.495,
      0.4425,
      0.4825,
      0.4975
    ],
    "val_acc": [
      0.5,
      0.5,
      0.5,
      0.5,
      0.5
    ],
    "pre_test_acc": 0.56,
    "test_acc": 0.5,
    "elapsed": 527.0
  },
  "Transfer (pretrained)": {
    "train_loss": [
      1.204415,
      0.601069,
      0.267074,
      0.078227,
      0.043777
    ],
    "val_loss": [
      1.301272,
      0.54062,
      0.946652,
      0.493556,
      1.056845
    ],
    "train_acc": [
      0.62,
      0.7575,
      0.9025,
      0.975,
      0.9925
    ],
    "val_acc": [
      0.5,
      0.79,
      0.74,
      0.85,
      0.82
    ],
    "pre_test_acc": 0.67,
    "test_acc": 0.73,
    "elapsed": 208.4
  }
}