{
  "ResNet50": {
    "train_loss": [
      0.661207,
      0.552258,
      0.493214,
      0.439987,
      0.414507
    ],
    "val_loss": [
      0.593577,
      0.555699,
      0.540463,
      0.495508,
      0.477951
    ],
    "train_acc": [
      0.59,
      0.765,
      0.805,
      0.835,
      0.845
    ],
    "val_acc": [
      0.73,
      0.81,
      0.74,
      0.8,
      0.78
    ],
    "pre_test_acc": 0.59,
    "test_acc": 0.72,
    "elapsed": 236.6
  },
  "VGG16": {
    "train_loss": [
      1.082663,
      0.579652,
      0.165252,
      0.09393,
      0.138315
    ],
    "val_loss": [
      1.032003,
      0.360859,
      0.389769,
      0.985701,
      0.913167
    ],
    "train_acc": [
      0.625,
      0.8275,
      0.9325,
      0.97,
      0.9675
    ],
    "val_acc": [
      0.61,
      0.83,
      0.84,
      0.79,
      0.83
    ],
    "pre_test_acc": 0.5,
    "test_acc": 0.83,
    "elapsed": 242.9
  }
}